B0_um2_per_hr,E_B_J_per_mol,BA0_um_per_hr,E_BA_J_per_mol
209893246713.32254,313240.8877855757,1049466233566.6045,313240.8877855757
