temp_C,A_um,B_um2_per_hr,tau_hr,BA_um_per_hr
1000.0,0.2,0.029697648547568928,0.0,0.14848824273784464
1050.0,0.2,0.08903367473429467,0.0,0.4451683736714733
1100.0,0.2,0.2566600327629481,0.0,1.2833001638147403
1150.0,0.2,0.6672605792380429,0.0,3.3363028961902144
