temp_C,n_points,A_um,B_um2_per_hr,tau_hr,BA_um_per_hr,success,cost,message
1000.0,2,0.2,0.029697648547568928,0.0,0.14848824273784464,True,3.288859551427516,`ftol` termination condition is satisfied.
1050.0,3,0.2,0.08903367473429467,0.0,0.4451683736714733,True,12.993143676634702,`ftol` termination condition is satisfied.
1100.0,3,0.2,0.2566600327629481,0.0,1.2833001638147403,True,4.804744128811134,`ftol` termination condition is satisfied.
1150.0,2,0.2,0.6672605792380429,0.0,3.3363028961902144,True,9.725925722756383,`ftol` termination condition is satisfied.
